"chr","pos","RSID","ref","alt","no.hom.0","no.het.01","no.het.10","no.het","no.hom.1","no.missing","total","alt.af","alt.ac","an"
1,24871095,"rs4649032","C","T",118,86,89,175,95,0,388,0.470360824742268,365,776
1,161509955,"rs1801274","A","G",96,98,103,201,91,0,388,0.493556701030928,383,776
1,173250332,"rs1012507","G","T",155,90,91,181,52,0,388,0.367268041237113,285,776
1,198738388,"rs113752715","T","G",341,26,20,46,1,0,388,0.0618556701030928,48,776
2,203721233,"rs55730955","T","A",348,16,22,38,2,0,388,0.0541237113402062,42,776
3,56578571,"rs190705792","G","T",369,8,11,19,0,0,388,0.0244845360824742,19,776
3,124510192,"rs530462","T","C",24,63,70,133,231,0,388,0.766752577319588,595,776
4,74763902,"rs59882675","A","G",255,55,55,110,23,0,388,0.201030927835052,156,776
4,75025495,"rs10518133","G","A",328,27,28,55,5,0,388,0.0837628865979381,65,776
6,29016846,"rs115180879","C","T",353,17,15,32,3,0,388,0.0489690721649485,38,776
6,30095897,"rs1264705","G","C",293,40,52,92,3,0,388,0.126288659793814,98,776
6,30417458,"rs6916716","C","A",262,52,58,110,16,0,388,0.182989690721649,142,776
6,30426851,"rs9261947","C","T",280,48,50,98,10,0,388,0.152061855670103,118,776
6,31365526,"rs2844580","T","C",137,64,115,179,72,0,388,0.416237113402062,323,776
6,32065839,"rs1265889","G","A",251,55,72,127,10,0,388,0.189432989690722,147,776
6,32390772,"rs9348883","T","A",341,25,21,46,1,0,388,0.0618556701030928,48,776
6,32403058,"rs2076523","T","C",115,100,107,207,66,0,388,0.436855670103093,339,776
6,47778410,"rs62397901","T","G",343,27,17,44,1,0,388,0.0592783505154639,46,776
6,92777658,"rs2674382","A","T",342,21,24,45,1,0,388,0.0605670103092784,47,776
6,109297161,"rs76615866","G","C",368,9,9,18,2,0,388,0.0283505154639175,22,776
6,116447754,"rs2858829","A","G",162,91,84,175,51,0,388,0.356958762886598,277,776
6,116466215,"rs2637678","T","C",155,96,87,183,50,0,388,0.364690721649485,283,776
7,37362887,"rs111796602","T","C",312,39,34,73,3,0,388,0.10180412371134,79,776
9,114804733,"rs4979462","C","T",358,15,12,27,3,0,388,0.0425257731958763,33,776
9,114806766,"rs7848647","T","C",29,85,83,168,191,0,388,0.708762886597938,550,776
9,114817177,"rs10817678","G","A",30,88,83,171,187,0,388,0.702319587628866,545,776
10,31101198,"rs1891621","A","G",104,111,85,196,88,0,388,0.479381443298969,372,776
10,97412169,"rs6584128","T","G",148,93,99,192,48,0,388,0.371134020618557,288,776
11,32389228,"rs1799937","A","G",189,72,74,146,53,0,388,0.324742268041237,252,776
11,32436129,"rs2301254","A","G",127,84,91,175,86,0,388,0.447164948453608,347,776
11,32438918,"rs6508","G","A",327,27,27,54,7,0,388,0.0876288659793814,68,776
12,8938296,"rs1805732","C","T",147,90,77,167,74,0,388,0.405927835051546,315,776
13,91551559,"rs16946160","G","A",338,26,19,45,5,0,388,0.0708762886597938,55,776
16,10998462,"rs8062322","C","A",184,89,73,162,42,0,388,0.31701030927835,246,776
17,39917715,"rs9303279","G","C",74,99,80,179,135,0,388,0.57860824742268,449,776
19,36885928,"rs34217742","T","A",319,37,28,65,4,0,388,0.0940721649484536,73,776
20,48150492,"rs11086243","C","T",124,89,91,180,84,0,388,0.448453608247423,348,776
22,23894205,"rs755622","G","C",265,52,53,105,18,0,388,0.181701030927835,141,776
22,36265860,"rs73885319","A","G",367,7,8,15,6,0,388,0.0347938144329897,27,776
22,36265988,"rs60910145","T","G",367,7,8,15,6,0,388,0.0347938144329897,27,776
