chr,pos,RSID,ref,alt,no.hom.0,no.het.01,no.het.10,no.het,no.hom.1,no.missing,total,alt.af,alt.ac,an,PT
1,24871095,rs4649032,C,T,10,5,5,10,3,0,23,0.347826086956522,16,46,ParSR
1,161509955,rs1801274,A,G,9,1,8,9,5,0,23,0.41304347826087,19,46,ParSR
1,173250332,rs1012507,G,T,3,6,8,14,6,0,23,0.565217391304348,26,46,ParSR
1,198738388,rs113752715,T,G,22,0,1,1,0,0,23,0.0217391304347826,1,46,ParSR
2,203721233,rs55730955,T,A,20,1,2,3,0,0,23,0.0652173913043478,3,46,ParSR
3,56578571,rs190705792,G,T,23,0,0,0,0,0,23,0,0,46,ParSR
3,124510192,rs530462,T,C,4,8,3,11,8,0,23,0.58695652173913,27,46,ParSR
4,74763902,rs59882675,A,G,20,2,1,3,0,0,23,0.0652173913043478,3,46,ParSR
4,75025495,rs10518133,G,A,17,3,3,6,0,0,23,0.130434782608696,6,46,ParSR
6,29016846,rs115180879,C,T,22,0,1,1,0,0,23,0.0217391304347826,1,46,ParSR
6,30095897,rs1264705,G,C,20,2,1,3,0,0,23,0.0652173913043478,3,46,ParSR
6,30417458,rs6916716,C,A,17,3,2,5,1,0,23,0.152173913043478,7,46,ParSR
6,30426851,rs9261947,C,T,18,2,2,4,1,0,23,0.130434782608696,6,46,ParSR
6,31365526,rs2844580,T,C,9,3,7,10,4,0,23,0.391304347826087,18,46,ParSR
6,32065839,rs1265889,G,A,18,2,3,5,0,0,23,0.108695652173913,5,46,ParSR
6,32390772,rs9348883,T,A,19,1,3,4,0,0,23,0.0869565217391304,4,46,ParSR
6,32403058,rs2076523,T,C,8,5,9,14,1,0,23,0.347826086956522,16,46,ParSR
6,47778410,rs62397901,T,G,19,2,2,4,0,0,23,0.0869565217391304,4,46,ParSR
6,92777658,rs2674382,A,T,20,0,3,3,0,0,23,0.0652173913043478,3,46,ParSR
6,109297161,rs76615866,G,C,23,0,0,0,0,0,23,0,0,46,ParSR
6,116447754,rs2858829,A,G,9,6,8,14,0,0,23,0.304347826086957,14,46,ParSR
6,116466215,rs2637678,T,C,9,6,8,14,0,0,23,0.304347826086957,14,46,ParSR
7,37362887,rs111796602,T,C,18,3,2,5,0,0,23,0.108695652173913,5,46,ParSR
9,114804733,rs4979462,C,T,20,2,1,3,0,0,23,0.0652173913043478,3,46,ParSR
9,114806766,rs7848647,T,C,3,10,5,15,5,0,23,0.543478260869565,25,46,ParSR
9,114817177,rs10817678,G,A,3,10,5,15,5,0,23,0.543478260869565,25,46,ParSR
10,31101198,rs1891621,A,G,7,7,8,15,1,0,23,0.369565217391304,17,46,ParSR
10,97412169,rs6584128,T,G,6,7,5,12,5,0,23,0.478260869565217,22,46,ParSR
11,32389228,rs1799937,A,G,10,4,5,9,4,0,23,0.369565217391304,17,46,ParSR
11,32436129,rs2301254,A,G,7,5,6,11,5,0,23,0.456521739130435,21,46,ParSR
11,32438918,rs6508,G,A,20,3,0,3,0,0,23,0.0652173913043478,3,46,ParSR
12,8938296,rs1805732,C,T,7,4,8,12,4,0,23,0.434782608695652,20,46,ParSR
13,91551559,rs16946160,G,A,19,0,4,4,0,0,23,0.0869565217391304,4,46,ParSR
16,10998462,rs8062322,C,A,8,4,8,12,3,0,23,0.391304347826087,18,46,ParSR
17,39917715,rs9303279,G,C,2,7,5,12,9,0,23,0.652173913043478,30,46,ParSR
19,36885928,rs34217742,T,A,18,2,3,5,0,0,23,0.108695652173913,5,46,ParSR
20,48150492,rs11086243,C,T,9,6,2,8,6,0,23,0.434782608695652,20,46,ParSR
22,23894205,rs755622,G,C,16,2,3,5,2,0,23,0.195652173913043,9,46,ParSR
22,36265860,rs73885319,A,G,23,0,0,0,0,0,23,0,0,46,ParSR
22,36265988,rs60910145,T,G,23,0,0,0,0,0,23,0,0,46,ParSR
